Reporting_country,Counterparty_country,Average_2021
AT:Austria,AE:United Arab Emirates,201.83425
AT:Austria,AL:Albania,14.071
AT:Austria,AM:Armenia,2.26325
AT:Austria,AU:Australia,481.01975
AT:Austria,AZ:Azerbaijan,0.841
AT:Austria,BA:Bosnia and Herzegovina,12.0075
AT:Austria,BD:Bangladesh,3.47725
AT:Austria,BE:Belgium,867.289
AT:Austria,BG:Bulgaria,24.329
AT:Austria,BH:Bahrain,1.94125
AT:Austria,BI:Burundi,1.6605
AT:Austria,BR:Brazil,115.50925
AT:Austria,BS:Bahamas,0.09025
AT:Austria,BY:Belarus,18.70725
AT:Austria,CA:Canada,1016.9645
AT:Austria,CH:Switzerland,1486.7025
AT:Austria,CI:Cote d'Ivoire,0.96925
AT:Austria,CL:Chile,0.11975
AT:Austria,CN:China,945.03225
AT:Austria,CO:Colombia,0.00575
AT:Austria,CR:Costa Rica,0.8135
AT:Austria,CU:Cuba,0.057
AT:Austria,CW:Curacao,1.2965
AT:Austria,CY:Cyprus,0.0105
AT:Austria,CZ:Czech Republic,852.54775
AT:Austria,DE:Germany,8244.40075
AT:Austria,DK:Denmark,573.62375
AT:Austria,EC:Ecuador,2.9635
AT:Austria,EE:Estonia,18.69475
AT:Austria,EG:Egypt,12.01225
AT:Austria,ES:Spain,2137.86825
AT:Austria,FI:Finland,606.005
AT:Austria,FR:France,8195.26275
AT:Austria,GB:United Kingdom,2527.098
AT:Austria,GE:Georgia,4.92575
AT:Austria,GH:Ghana,0.0655
AT:Austria,GI:Gibraltar,0.00075
AT:Austria,GR:Greece,8.4125
AT:Austria,HK:Hong Kong SAR,118.88875
AT:Austria,HN:Honduras,3.2585
AT:Austria,HR:Croatia,99.94875
AT:Austria,HU:Hungary,1299.56875
AT:Austria,ID:Indonesia,67.50825
AT:Austria,IE:Ireland,662.23325
AT:Austria,IL:Israel,0.73425
AT:Austria,IN:India,68.768
AT:Austria,IQ:Iraq,0.8195
AT:Austria,IS:Iceland,0.03125
AT:Austria,IT:Italy,1556.73225
AT:Austria,JE:Jersey,0.02425
AT:Austria,JO:Jordan,0.14025
AT:Austria,JP:Japan,153.14625
AT:Austria,KE:Kenya,0.00275
AT:Austria,KG:Kyrgyz Republic,0.0405
AT:Austria,KR:Korea,432.50225
AT:Austria,KW:Kuwait,2.87625
AT:Austria,KY:Cayman Islands,0.1625
AT:Austria,KZ:Kazakhstan,26.415
AT:Austria,LB:Lebanon,0.2935
AT:Austria,LI:Liechtenstein,30.379
AT:Austria,LK:Sri Lanka,1.36425
AT:Austria,LT:Lithuania,0.4795
AT:Austria,LU:Luxembourg,596.90725
AT:Austria,LV:Latvia,0.13075
AT:Austria,MA:Morocco,12.00375
AT:Austria,MD:Moldova,49.437
AT:Austria,ME:Montenegro,0.25525
AT:Austria,MK:North Macedonia,22.40875
AT:Austria,MN:Mongolia,0.80825
AT:Austria,MO:Macao SAR,0.001
AT:Austria,MU:Mauritius,0.0025
AT:Austria,MX:Mexico,1.296
AT:Austria,MY:Malaysia,219.4815
AT:Austria,NI:Nicaragua,0.90975
AT:Austria,NL:Netherlands,2206.6045
AT:Austria,NO:Norway,1009.604
AT:Austria,NZ:New Zealand,104.073
AT:Austria,OM:Oman,3.834
AT:Austria,PA:Panama,0.32725
AT:Austria,PE:Peru,0.03725
AT:Austria,PH:Philippines,63.747
AT:Austria,PL:Poland,549.8095
AT:Austria,PT:Portugal,1.78725
AT:Austria,QA:Qatar,249.94375
AT:Austria,RO:Romania,168.01275
AT:Austria,RS:Serbia,20.33475
AT:Austria,RU:Russia,1361.0785
AT:Austria,SA:Saudi Arabia,5.1325
AT:Austria,SE:Sweden,870.177
AT:Austria,SG:Singapore,47.86275
AT:Austria,SI:Slovenia,71.09775
AT:Austria,SK:Slovakia,815.189
AT:Austria,TG:Togo,0.06125
AT:Austria,TH:Thailand,215.6855
AT:Austria,TN:Tunisia,0.006
AT:Austria,TR:Turkey,107.07525
AT:Austria,TW:Chinese Taipei,61.97775
AT:Austria,UA:Ukraine,5.13375
AT:Austria,US:United States,1355.38775
AT:Austria,UZ:Uzbekistan,43.937
AT:Austria,VE:Venezuela,8.64125
AT:Austria,VG:Virgin Islands (British),0.02825
AT:Austria,VN:Vietnam,121.85625
AT:Austria,ZA:South Africa,31.65975
AU:Australia,AE:United Arab Emirates,593.3365
AU:Australia,AT:Austria,0.263
AU:Australia,BE:Belgium,274.41425
AU:Australia,BH:Bahrain,0.0895
AU:Australia,BN:Brunei,0.03875
AU:Australia,BR:Brazil,38.60325
AU:Australia,BW:Botswana,0.0065
AU:Australia,CA:Canada,7181.48525
AU:Australia,CH:Switzerland,1617.14375
AU:Australia,CL:Chile,1.76175
AU:Australia,CN:China,4924.75825
AU:Australia,CO:Colombia,0.07
AU:Australia,CR:Costa Rica,3.25725
AU:Australia,CZ:Czech Republic,6.337
AU:Australia,DE:Germany,1792.10975
AU:Australia,DK:Denmark,250.358
AU:Australia,ES:Spain,1498.7525
AU:Australia,FI:Finland,128.1595
AU:Australia,FJ:Fiji,69.64625
AU:Australia,FR:France,3233.1285
AU:Australia,GB:United Kingdom,16087.29275
AU:Australia,GR:Greece,0.068
AU:Australia,HK:Hong Kong SAR,1957.7395
AU:Australia,HU:Hungary,1.98725
AU:Australia,ID:Indonesia,380.01475
AU:Australia,IE:Ireland,244.41025
AU:Australia,IL:Israel,2.564
AU:Australia,IN:India,587.95525
AU:Australia,IT:Italy,11.07725
AU:Australia,JP:Japan,5774.055
KI:Kiribati,AU:Australia,1.594
AU:Australia,KP:North Korea,7.02975
AU:Australia,KR:Korea,1373.8695
AU:Australia,KW:Kuwait,212.88775
AU:Australia,KY:Cayman Islands,48.716
AU:Australia,LI:Liechtenstein,5.10675
AU:Australia,LK:Sri Lanka,0.25275
AU:Australia,LU:Luxembourg,44.47575
AU:Australia,MK:North Macedonia,0.001
AU:Australia,MO:Macao SAR,12.16475
AU:Australia,MT:Malta,0.00025
AU:Australia,MU:Mauritius,0.1115
AU:Australia,MX:Mexico,50.26925
AU:Australia,MY:Malaysia,245.58525
AU:Australia,NC:New Caledonia,0.77375
AU:Australia,NG:Nigeria,1.5365
AU:Australia,NL:Netherlands,1578.07475
AU:Australia,NO:Norway,615.339
AU:Australia,NZ:New Zealand,4493.43875
AU:Australia,OM:Oman,0.51775
AU:Australia,PA:Panama,1.37725
AU:Australia,PF:French Polynesia,0.05675
AU:Australia,PG:Papua New Guinea,4.05025
AU:Australia,PH:Philippines,405.9685
AU:Australia,PK:Pakistan,0.051
AU:Australia,PL:Poland,2.5635
AU:Australia,PT:Portugal,0.788
AU:Australia,QA:Qatar,324.3245
AU:Australia,RO:Romania,0.1675
AU:Australia,RU:Russia,0.17725
AU:Australia,SA:Saudi Arabia,2.14025
AU:Australia,SB:Solomon Islands,0.93175
AU:Australia,SE:Sweden,1714.32575
AU:Australia,SG:Singapore,4248.805
AU:Australia,TH:Thailand,272.36525
AU:Australia,TL:Timor Leste,179.1345
AU:Australia,TO:Tonga,1.095
AU:Australia,TR:Turkey,1.25075
AU:Australia,TW:Chinese Taipei,406.85975
AU:Australia,US:United States,7656.257
AU:Australia,VN:Vietnam,66.163
AU:Australia,VU:Vanuatu,0.5845
WS:Samoa,AU:Australia,0.04575
AU:Australia,ZA:South Africa,20.65125
BE:Belgium,AE:United Arab Emirates,270.5
BE:Belgium,AM:Armenia,14.75
BE:Belgium,AR:Argentina,37
BE:Belgium,AT:Austria,318.5
BE:Belgium,AU:Australia,1025.5
BE:Belgium,BD:Bangladesh,20.25
BE:Belgium,BG:Bulgaria,39
BE:Belgium,BH:Bahrain,19.5
BE:Belgium,BM:Bermuda,2.25
BE:Belgium,BR:Brazil,1.25
BE:Belgium,BS:Bahamas,2.25
BE:Belgium,BY:Belarus,44.25
BE:Belgium,CA:Canada,3077.25
BE:Belgium,CH:Switzerland,1024.25
BE:Belgium,CL:Chile,34.5
BE:Belgium,CN:China,615.5
BE:Belgium,CO:Colombia,1
BE:Belgium,CY:Cyprus,1.5
BE:Belgium,CZ:Czech Republic,1713.25
BE:Belgium,DE:Germany,5723
BE:Belgium,DK:Denmark,669.5
BE:Belgium,DZ:Algeria,3.5
BE:Belgium,EC:Ecuador,1.5
BE:Belgium,EE:Estonia,10.25
BE:Belgium,EG:Egypt,65.75
BE:Belgium,ES:Spain,1610.25
BE:Belgium,FI:Finland,423.25
BE:Belgium,FR:France,4202.25
BE:Belgium,GB:United Kingdom,7109.75
BE:Belgium,GE:Georgia,1
BE:Belgium,GG:Guernsey,9.5
BE:Belgium,GH:Ghana,4
BE:Belgium,GR:Greece,2
BE:Belgium,GT:Guatemala,1.75
BE:Belgium,HK:Hong Kong SAR,252.25
BE:Belgium,HN:Honduras,7
BE:Belgium,HR:Croatia,2.5
BE:Belgium,HU:Hungary,398.25
BE:Belgium,ID:Indonesia,22.25
BE:Belgium,IE:Ireland,137
BE:Belgium,IL:Israel,48.25
BE:Belgium,IM:Isle of Man,2.75
BE:Belgium,IN:India,134.25
BE:Belgium,IS:Iceland,51.25
BE:Belgium,IT:Italy,855.25
BE:Belgium,JE:Jersey,9.5
BE:Belgium,JO:Jordan,12.75
BE:Belgium,JP:Japan,828.5
BE:Belgium,KE:Kenya,10.25
BE:Belgium,KR:Korea,107.5
BE:Belgium,KW:Kuwait,21
BE:Belgium,KY:Cayman Islands,29.5
BE:Belgium,LI:Liechtenstein,4.25
BE:Belgium,LK:Sri Lanka,1
BE:Belgium,LT:Lithuania,0.5
BE:Belgium,LU:Luxembourg,1319.25
BE:Belgium,MA:Morocco,18.5
BE:Belgium,MO:Macao SAR,2.5
BE:Belgium,MT:Malta,18.25
BE:Belgium,MU:Mauritius,0.75
BE:Belgium,MX:Mexico,34
BE:Belgium,MY:Malaysia,40.5
BE:Belgium,NG:Nigeria,1
BE:Belgium,NL:Netherlands,1248.5
BE:Belgium,NO:Norway,711.75
BE:Belgium,NZ:New Zealand,217.75
BE:Belgium,OM:Oman,9.5
BE:Belgium,PA:Panama,17.5
BE:Belgium,PE:Peru,38.75
BE:Belgium,PH:Philippines,24.75
BE:Belgium,PK:Pakistan,3.25
BE:Belgium,PL:Poland,314
BE:Belgium,PS:Palestinian Territory,0.75
BE:Belgium,PT:Portugal,78.5
BE:Belgium,QA:Qatar,115.25
BE:Belgium,RO:Romania,21.75
BE:Belgium,RS:Serbia,0.25
BE:Belgium,RU:Russia,40
BE:Belgium,RW:Rwanda,2
BE:Belgium,SA:Saudi Arabia,4
BE:Belgium,SE:Sweden,539.25
BE:Belgium,SG:Singapore,177
BE:Belgium,SI:Slovenia,31
BE:Belgium,SK:Slovakia,366.75
BE:Belgium,SN:Senegal,0.25
BE:Belgium,SY:Syria,2
BE:Belgium,TH:Thailand,48.5
BE:Belgium,TN:Tunisia,9.25
BE:Belgium,TR:Turkey,285.75
BE:Belgium,TW:Chinese Taipei,17.5
BE:Belgium,TZ:Tanzania,0.5
BE:Belgium,US:United States,5622
BE:Belgium,UY:Uruguay,0.75
BE:Belgium,UZ:Uzbekistan,1.25
BE:Belgium,VE:Venezuela,26
BE:Belgium,VG:Virgin Islands (British),10.25
BE:Belgium,VN:Vietnam,13.75
BE:Belgium,ZA:South Africa,25
CA:Canada,AU:Australia,5638.464
CA:Canada,BB:Barbados,169.3775
CA:Canada,BE:Belgium,391.0575
CA:Canada,BM:Bermuda,0.70175
CA:Canada,BR:Brazil,1226.3905
CA:Canada,BS:Bahamas,52.90475
CA:Canada,CH:Switzerland,1199.49475
CA:Canada,CL:Chile,1522.40075
CA:Canada,CN:China,5098.6485
CA:Canada,CO:Colombia,527.97125
CA:Canada,CZ:Czech Republic,3.22725
CA:Canada,DE:Germany,9436.25525
CA:Canada,DK:Denmark,114.508
CA:Canada,ES:Spain,357.9585
CA:Canada,FI:Finland,12.80025
CA:Canada,FR:France,3770.3495
CA:Canada,GB:United Kingdom,26387.7815
CA:Canada,GR:Greece,0.08125
CA:Canada,HK:Hong Kong SAR,724.967
CA:Canada,HU:Hungary,2.2695
CA:Canada,ID:Indonesia,4.26425
CA:Canada,IE:Ireland,381.4665
CA:Canada,IL:Israel,17.39675
CA:Canada,IN:India,134.90475
CA:Canada,IT:Italy,367.9495
CA:Canada,JP:Japan,17149.6925
CA:Canada,KR:Korea,893.98375
CA:Canada,KY:Cayman Islands,184.9725
CA:Canada,KZ:Kazakhstan,1.21775
CA:Canada,LU:Luxembourg,487.5275
CA:Canada,MA:Morocco,0.403
CA:Canada,MY:Malaysia,54.1685
CA:Canada,NL:Netherlands,2258.23475
CA:Canada,NO:Norway,1294.63825
CA:Canada,NZ:New Zealand,67.247
CA:Canada,PA:Panama,262.111
CA:Canada,PE:Peru,289.64975
CA:Canada,PH:Philippines,1.453
CA:Canada,PL:Poland,8.75
CA:Canada,SA:Saudi Arabia,0.28875
CA:Canada,SE:Sweden,668.159
CA:Canada,SG:Singapore,3447.76925
CA:Canada,TH:Thailand,5.68125
CA:Canada,TT:Trinidad and Tobago,414.645
CA:Canada,TW:Chinese Taipei,128.73175
CA:Canada,US:United States,70779.2175
CA:Canada,VN:Vietnam,11.7795
CA:Canada,ZA:South Africa,18.791
CH:Switzerland,AE:United Arab Emirates,2997.07125
CH:Switzerland,AT:Austria,4824.25275
CH:Switzerland,BS:Bahamas,653.479
CH:Switzerland,CA:Canada,12454.881
CH:Switzerland,DE:Germany,19516.634
CH:Switzerland,ES:Spain,2886.7115
CH:Switzerland,FR:France,15691.78375
CH:Switzerland,GB:United Kingdom,41881.072
CH:Switzerland,HK:Hong Kong SAR,7400.93975
CH:Switzerland,IE:Ireland,3209.15975
CH:Switzerland,IT:Italy,2952.61125
CH:Switzerland,KY:Cayman Islands,1788.55875
CH:Switzerland,LU:Luxembourg,14329.8675
CH:Switzerland,PA:Panama,513.20675
CH:Switzerland,SG:Singapore,5188.609
CH:Switzerland,US:United States,62689.0985
CL:Chile,AU:Australia,3.6385
CL:Chile,BE:Belgium,0.2685
CL:Chile,BR:Brazil,616.40625
CL:Chile,BS:Bahamas,10.5825
CL:Chile,CA:Canada,15.251
CL:Chile,CH:Switzerland,29.086
CL:Chile,CN:China,38.289
CL:Chile,DE:Germany,89.2045
CL:Chile,DK:Denmark,0.26575
CL:Chile,ES:Spain,152.223
CL:Chile,FI:Finland,0.91675
CL:Chile,FR:France,243.06175
CL:Chile,GB:United Kingdom,1222.80025
CL:Chile,HK:Hong Kong SAR,3.317
CL:Chile,IN:India,0.02925
CL:Chile,IT:Italy,5.29425
CL:Chile,JP:Japan,99.83175
CL:Chile,KR:Korea,1.8515
CL:Chile,KW:Kuwait,67.62475
CL:Chile,KY:Cayman Islands,14.58425
CL:Chile,LU:Luxembourg,0.3355
CL:Chile,MX:Mexico,70.8585
CL:Chile,MY:Malaysia,6.1795
CL:Chile,NL:Netherlands,12.23325
CL:Chile,NO:Norway,2.0985
CL:Chile,PA:Panama,310.05575
CL:Chile,PE:Peru,141.43525
CL:Chile,QA:Qatar,0.0505
CL:Chile,SE:Sweden,0.1405
CL:Chile,SG:Singapore,0.00275
CL:Chile,US:United States,5606.46175
CL:Chile,ZA:South Africa,0.007
DE:Germany,AE:United Arab Emirates,1277.5
DE:Germany,AR:Argentina,8
DE:Germany,AT:Austria,16823.75
DE:Germany,AU:Australia,12002.25
DE:Germany,BE:Belgium,5822.75
DE:Germany,BG:Bulgaria,58
DE:Germany,BH:Bahrain,278
DE:Germany,BM:Bermuda,13.75
DE:Germany,BR:Brazil,4094.75
DE:Germany,BS:Bahamas,99
DE:Germany,CA:Canada,22093.25
DE:Germany,CH:Switzerland,15488.5
DE:Germany,CL:Chile,253.25
DE:Germany,CN:China,6108.75
DE:Germany,CW:Curacao,0.5
DE:Germany,CY:Cyprus,15.75
DE:Germany,CZ:Czech Republic,1178
DE:Germany,DK:Denmark,6570.75
DE:Germany,EE:Estonia,64
DE:Germany,ES:Spain,9089
DE:Germany,FI:Finland,9918.75
DE:Germany,FR:France,65880.75
DE:Germany,GB:United Kingdom,87575.75
DE:Germany,GG:Guernsey,11.25
DE:Germany,GR:Greece,538.5
DE:Germany,HK:Hong Kong SAR,1579.25
DE:Germany,HU:Hungary,429
DE:Germany,ID:Indonesia,1899.75
DE:Germany,IE:Ireland,2081.25
DE:Germany,IL:Israel,220.25
DE:Germany,IN:India,1658.5
DE:Germany,IT:Italy,7594.75
DE:Germany,JE:Jersey,40.25
DE:Germany,JP:Japan,2085.5
DE:Germany,KR:Korea,4254.75
DE:Germany,KW:Kuwait,465.75
DE:Germany,KY:Cayman Islands,241.25
DE:Germany,LT:Lithuania,18.25
DE:Germany,LU:Luxembourg,11089.75
DE:Germany,MO:Macao SAR,2.75
DE:Germany,MT:Malta,31.25
DE:Germany,MX:Mexico,382.25
DE:Germany,MY:Malaysia,262.75
DE:Germany,NG:Nigeria,595.25
DE:Germany,NL:Netherlands,18032
DE:Germany,NO:Norway,18941.25
DE:Germany,PA:Panama,100.25
DE:Germany,PE:Peru,149.75
DE:Germany,PH:Philippines,104.75
DE:Germany,PL:Poland,4599.5
DE:Germany,PT:Portugal,1766
DE:Germany,QA:Qatar,2086.75
DE:Germany,RO:Romania,6.75
DE:Germany,RU:Russia,801.75
DE:Germany,SA:Saudi Arabia,430.75
DE:Germany,SE:Sweden,15921.25
DE:Germany,SG:Singapore,3283.5
DE:Germany,SI:Slovenia,55.25
DE:Germany,SK:Slovakia,520.5
DE:Germany,TH:Thailand,1098.5
DE:Germany,TR:Turkey,2503.25
DE:Germany,TW:Chinese Taipei,539
DE:Germany,US:United States,21044.75
DE:Germany,ZA:South Africa,536.75
ES:Spain,AD:Andorra,98.3875
ES:Spain,AE:United Arab Emirates,763.3415
ES:Spain,AO:Angola,409.10675
ES:Spain,AR:Argentina,424.084
ES:Spain,AT:Austria,1742.2655
ES:Spain,AU:Australia,383.54975
ES:Spain,BE:Belgium,2383.02025
ES:Spain,BG:Bulgaria,3.55275
ES:Spain,BR:Brazil,12812.43325
ES:Spain,BS:Bahamas,39.4355
ES:Spain,CA:Canada,1021.7295
ES:Spain,CH:Switzerland,2312.9165
ES:Spain,CL:Chile,1761.50625
ES:Spain,CN:China,3847.719
ES:Spain,CO:Colombia,1253.323
ES:Spain,CZ:Czech Republic,17.1325
ES:Spain,DE:Germany,12441.197
ES:Spain,DK:Denmark,879.834
ES:Spain,DZ:Algeria,0.88175
ES:Spain,EG:Egypt,47.75975
ES:Spain,FI:Finland,337.89525
ES:Spain,FR:France,35695.62175
ES:Spain,GB:United Kingdom,28708.2145
ES:Spain,GR:Greece,1.922
ES:Spain,HK:Hong Kong SAR,116.635
ES:Spain,HR:Croatia,2.786
ES:Spain,HU:Hungary,24.66725
ES:Spain,IE:Ireland,1886.4175
ES:Spain,IL:Israel,41.9635
ES:Spain,IN:India,78.074
ES:Spain,IS:Iceland,7.329
ES:Spain,IT:Italy,16566.124
ES:Spain,JP:Japan,1754.15925
ES:Spain,KR:Korea,845.245
ES:Spain,KW:Kuwait,82.9255
ES:Spain,KY:Cayman Islands,123.111
ES:Spain,KZ:Kazakhstan,1.7535
ES:Spain,LU:Luxembourg,3319.1385
ES:Spain,MA:Morocco,614.73775
ES:Spain,MX:Mexico,7656.3345
ES:Spain,MY:Malaysia,0.43525
ES:Spain,NL:Netherlands,1287.82925
ES:Spain,NO:Norway,394.28325
ES:Spain,NZ:New Zealand,106.573
ES:Spain,OM:Oman,4.0585
ES:Spain,PA:Panama,241.06325
ES:Spain,PE:Peru,795.33825
ES:Spain,PL:Poland,2359.11225
ES:Spain,PT:Portugal,5212.80575
ES:Spain,PY:Paraguay,4.32625
ES:Spain,QA:Qatar,571.1605
ES:Spain,RO:Romania,101.0165
ES:Spain,RU:Russia,24.88825
ES:Spain,SA:Saudi Arabia,145.676
ES:Spain,SE:Sweden,548.49
ES:Spain,SG:Singapore,126.88475
ES:Spain,TH:Thailand,6.297
ES:Spain,TN:Tunisia,6.9175
ES:Spain,TR:Turkey,2384.3425
ES:Spain,TW:Chinese Taipei,130.18025
ES:Spain,US:United States,22014.527
ES:Spain,UY:Uruguay,107.59525
ES:Spain,VN:Vietnam,94.53225
ES:Spain,ZA:South Africa,21.74525
FI:Finland,AT:Austria,296.5
FI:Finland,AU:Australia,165.25
FI:Finland,BE:Belgium,1041.75
FI:Finland,CA:Canada,2397.25
FI:Finland,CH:Switzerland,79.75
FI:Finland,CZ:Czech Republic,8.25
FI:Finland,DE:Germany,2882.25
FI:Finland,EE:Estonia,35.75
FI:Finland,ES:Spain,22.75
FI:Finland,FR:France,6371.5
FI:Finland,GB:United Kingdom,1791.5
FI:Finland,IE:Ireland,26.75
FI:Finland,JP:Japan,157
FI:Finland,KR:Korea,28
FI:Finland,NL:Netherlands,579.25
FI:Finland,NO:Norway,14629
FI:Finland,NZ:New Zealand,78.25
FI:Finland,PL:Poland,111.5
FI:Finland,SE:Sweden,18341.75
FI:Finland,US:United States,659.75
FI:Finland,ZA:South Africa,3
FR:France,AD:Andorra,11
FR:France,AE:United Arab Emirates,2355.5
FR:France,AM:Armenia,9.5
FR:France,AO:Angola,0.5
FR:France,AR:Argentina,98.75
FR:France,AT:Austria,3005.25
FR:France,AU:Australia,5144.75
FR:France,BB:Barbados,12.75
FR:France,BD:Bangladesh,82
FR:France,BE:Belgium,12815
FR:France,BF:Burkina Faso,48
FR:France,BG:Bulgaria,20
FR:France,BH:Bahrain,1949.5
FR:France,BJ:Benin,1.5
FR:France,BM:Bermuda,176.75
FR:France,BR:Brazil,5026
FR:France,BW:Botswana,11.75
FR:France,BY:Belarus,11.75
FR:France,CA:Canada,10365.75
FR:France,CH:Switzerland,7892.5
FR:France,CI:Cote d'Ivoire,107.25
FR:France,CL:Chile,230.5
FR:France,CM:Cameroon,21.75
FR:France,CN:China,14869
FR:France,CO:Colombia,41.75
FR:France,CR:Costa Rica,60.5
FR:France,CU:Cuba,59
FR:France,CW:Curacao,0.5
FR:France,CY:Cyprus,36.75
FR:France,CZ:Czech Republic,537.5
FR:France,DE:Germany,31026
FR:France,DJ:Djibouti,0.5
FR:France,DK:Denmark,4091
FR:France,DO:Dominican Republic,12.5
FR:France,DZ:Algeria,79
FR:France,EC:Ecuador,103
FR:France,EE:Estonia,9.75
FR:France,EG:Egypt,145.75
FR:France,ES:Spain,25462
FR:France,FI:Finland,14056
FR:France,FO:Faeroe Islands,0.5
FR:France,GA:Gabon,4.5
FR:France,GB:United Kingdom,86831.25
FR:France,GE:Georgia,37.75
FR:France,GG:Guernsey,18
FR:France,GH:Ghana,110.5
FR:France,GM:Gambia,3.75
FR:France,GN:Guinea,32
FR:France,GR:Greece,92
FR:France,GT:Guatemala,25
FR:France,HK:Hong Kong SAR,5467.5
FR:France,HN:Honduras,104.75
FR:France,HR:Croatia,15.75
FR:France,HT:Haiti,3.75
FR:France,HU:Hungary,263.75
FR:France,ID:Indonesia,360
FR:France,IE:Ireland,10733.5
FR:France,IL:Israel,77
IM:Isle of Man,FR:France,1
FR:France,IN:India,4815
FR:France,IQ:Iraq,36.5
FR:France,IR:Iran,9.25
FR:France,IS:Iceland,10
FR:France,IT:Italy,24653.75
FR:France,JE:Jersey,195
FR:France,JO:Jordan,39.25
FR:France,JP:Japan,59119.75
FR:France,KE:Kenya,149.75
FR:France,KH:Cambodia,149.75
FR:France,KP:North Korea,1
FR:France,KR:Korea,2496.25
FR:France,KW:Kuwait,159
FR:France,KY:Cayman Islands,418
FR:France,KZ:Kazakhstan,16.25
FR:France,LA:Laos,19
FR:France,LB:Lebanon,53.25
FR:France,LI:Liechtenstein,2.25
FR:France,LK:Sri Lanka,115.75
FR:France,LU:Luxembourg,14237.25
FR:France,LV:Latvia,3.5
FR:France,LY:Libya,1
FR:France,MA:Morocco,1871.25
FR:France,MG:Madagascar,5.5
MH:Marshall Islands,FR:France,8.5
FR:France,MK:North Macedonia,4.25
FR:France,ML:Mali,24.5
FR:France,MM:Myanmar,3.5
FR:France,MN:Mongolia,17.25
FR:France,MO:Macao SAR,68.5
FR:France,MR:Mauritania,99.75
FR:France,MT:Malta,4.75
FR:France,MU:Mauritius,146
FR:France,MW:Malawi,1.25
FR:France,MX:Mexico,289.25
FR:France,MY:Malaysia,419.5
FR:France,MZ:Mozambique,31.25
FR:France,NA:Namibia,0.75
FR:France,NC:New Caledonia,303
FR:France,NE:Niger,9
FR:France,NG:Nigeria,281.75
FR:France,NI:Nicaragua,18
FR:France,NL:Netherlands,27595.25
FR:France,NO:Norway,4533.5
FR:France,NZ:New Zealand,1076.75
FR:France,OM:Oman,83
FR:France,PA:Panama,159.75
FR:France,PE:Peru,105.5
FR:France,PF:French Polynesia,342.5
FR:France,PH:Philippines,168.25
FR:France,PK:Pakistan,12.75
FR:France,PL:Poland,848.5
FR:France,PS:Palestinian Territory,12
FR:France,PT:Portugal,1023.75
FR:France,PY:Paraguay,86.75
FR:France,QA:Qatar,3960.25
FR:France,RO:Romania,76
FR:France,RS:Serbia,236
FR:France,RU:Russia,798.25
FR:France,SA:Saudi Arabia,349
FR:France,SB:Solomon Islands,0.25
FR:France,SC:Seychelles,0.75
FR:France,SE:Sweden,19426
FR:France,SG:Singapore,4343.25
FR:France,SI:Slovenia,8.75
FR:France,SK:Slovakia,44
FR:France,SN:Senegal,25.5
FR:France,SV:El Salvador,28.25
FR:France,TC:Turks and Caicos Islands,28
FR:France,TG:Togo,86
FR:France,TH:Thailand,171.5
FR:France,TJ:Tajikistan,3.75
FR:France,TN:Tunisia,300
FR:France,TR:Turkey,1577
FR:France,TW:Chinese Taipei,1481.5
FR:France,TZ:Tanzania,4.5
FR:France,UA:Ukraine,21.5
FR:France,UG:Uganda,9
FR:France,US:United States,42179.5
FR:France,UY:Uruguay,0.25
FR:France,UZ:Uzbekistan,15.75
FR:France,VE:Venezuela,19.75
FR:France,VN:Vietnam,201.75
FR:France,WF:Wallis and Futuna,24.75
FR:France,ZA:South Africa,408.75
GB:United Kingdom,AD:Andorra,27.5
GB:United Kingdom,AE:United Arab Emirates,9588.5
GB:United Kingdom,AM:Armenia,16
GB:United Kingdom,AR:Argentina,12
GB:United Kingdom,AT:Austria,2587.25
GB:United Kingdom,AU:Australia,14238.75
BA:Bosnia and Herzegovina,GB:United Kingdom,1
GB:United Kingdom,BB:Barbados,1.5
GB:United Kingdom,BD:Bangladesh,1799.75
GB:United Kingdom,BE:Belgium,2457.5
GB:United Kingdom,BF:Burkina Faso,1
GB:United Kingdom,BG:Bulgaria,6.5
GB:United Kingdom,BH:Bahrain,2207
GB:United Kingdom,BI:Burundi,6
GB:United Kingdom,BJ:Benin,6.25
GB:United Kingdom,BM:Bermuda,214.25
GB:United Kingdom,BN:Brunei,89.5
GB:United Kingdom,BO:Bolivia,3.75
GB:United Kingdom,BR:Brazil,3521.25
GB:United Kingdom,BS:Bahamas,3.75
GB:United Kingdom,BT:Bhutan,2.25
GB:United Kingdom,BW:Botswana,21.75
GB:United Kingdom,CA:Canada,20751.5
GB:United Kingdom,CH:Switzerland,7068.75
GB:United Kingdom,CI:Cote d'Ivoire,2.25
GB:United Kingdom,CL:Chile,559.5
GB:United Kingdom,CM:Cameroon,7.75
GB:United Kingdom,CN:China,46816.25
GB:United Kingdom,CO:Colombia,26
GB:United Kingdom,CR:Costa Rica,3.25
GB:United Kingdom,CY:Cyprus,20.75
GB:United Kingdom,CZ:Czech Republic,53.5
GB:United Kingdom,DE:Germany,46859.25
GB:United Kingdom,DK:Denmark,4208.25
GB:United Kingdom,DO:Dominican Republic,0.75
GB:United Kingdom,DZ:Algeria,94
GB:United Kingdom,EC:Ecuador,4.25
GB:United Kingdom,EE:Estonia,8.75
GB:United Kingdom,EG:Egypt,976
GB:United Kingdom,ES:Spain,13069.5
GB:United Kingdom,ET:Ethiopia,7.25
GB:United Kingdom,FI:Finland,3022.75
GB:United Kingdom,FJ:Fiji,1.5
GB:United Kingdom,FR:France,140821.5
GB:United Kingdom,GA:Gabon,1.25
GE:Georgia,GB:United Kingdom,0.25
GB:United Kingdom,GG:Guernsey,219.5
GB:United Kingdom,GH:Ghana,94
GB:United Kingdom,GI:Gibraltar,6.25
GB:United Kingdom,GR:Greece,222.5
GB:United Kingdom,GT:Guatemala,4.75
GB:United Kingdom,HK:Hong Kong SAR,9615.75
GB:United Kingdom,HN:Honduras,19.5
GB:United Kingdom,HR:Croatia,23
GB:United Kingdom,HU:Hungary,63.5
GB:United Kingdom,ID:Indonesia,1041.25
GB:United Kingdom,IE:Ireland,2418
GB:United Kingdom,IL:Israel,634.75
GB:United Kingdom,IM:Isle of Man,53.5
GB:United Kingdom,IN:India,8024.75
GB:United Kingdom,IQ:Iraq,15.75
GB:United Kingdom,IS:Iceland,47.75
GB:United Kingdom,IT:Italy,3935.75
GB:United Kingdom,JE:Jersey,1669.5
GB:United Kingdom,JM:Jamaica,120.25
GB:United Kingdom,JO:Jordan,50
GB:United Kingdom,JP:Japan,57885
GB:United Kingdom,KE:Kenya,260
GB:United Kingdom,KR:Korea,14682
GB:United Kingdom,KW:Kuwait,1037.25
GB:United Kingdom,KY:Cayman Islands,481
GB:United Kingdom,KZ:Kazakhstan,16
GB:United Kingdom,LA:Laos,0.5
GB:United Kingdom,LB:Lebanon,9.75
GB:United Kingdom,LI:Liechtenstein,76
GB:United Kingdom,LK:Sri Lanka,346
GB:United Kingdom,LU:Luxembourg,2855
GB:United Kingdom,LV:Latvia,0.5
GB:United Kingdom,MA:Morocco,129.5
GB:United Kingdom,MG:Madagascar,10
GB:United Kingdom,MM:Myanmar,0.25
GB:United Kingdom,MN:Mongolia,8.25
GB:United Kingdom,MO:Macao SAR,682.25
GB:United Kingdom,MT:Malta,10
GB:United Kingdom,MU:Mauritius,464.5
GB:United Kingdom,MV:Maldives,0.25
GB:United Kingdom,MW:Malawi,11
GB:United Kingdom,MX:Mexico,2218
GB:United Kingdom,MY:Malaysia,6074.5
GB:United Kingdom,MZ:Mozambique,5.5
GB:United Kingdom,NA:Namibia,8.5
GB:United Kingdom,NG:Nigeria,723.5
GB:United Kingdom,NL:Netherlands,16683.5
GB:United Kingdom,NO:Norway,2395
GB:United Kingdom,NP:Nepal,248.25
GB:United Kingdom,NZ:New Zealand,1648.75
GB:United Kingdom,OM:Oman,373
GB:United Kingdom,PA:Panama,144
GB:United Kingdom,PE:Peru,69.75
GB:United Kingdom,PH:Philippines,1347.75
GB:United Kingdom,PK:Pakistan,551.5
GB:United Kingdom,PL:Poland,426.75
GB:United Kingdom,PS:Palestinian Territory,3
GB:United Kingdom,PT:Portugal,491.75
GB:United Kingdom,PY:Paraguay,0.25
GB:United Kingdom,QA:Qatar,11514.5
GB:United Kingdom,RO:Romania,24.5
GB:United Kingdom,RS:Serbia,2.25
GB:United Kingdom,RU:Russia,654
GB:United Kingdom,RW:Rwanda,0.5
GB:United Kingdom,SA:Saudi Arabia,5466.75
GB:United Kingdom,SB:Solomon Islands,32
GB:United Kingdom,SE:Sweden,2766.75
GB:United Kingdom,SG:Singapore,7542
GB:United Kingdom,SI:Slovenia,5
GB:United Kingdom,SK:Slovakia,27.25
GB:United Kingdom,SL:Sierra Leone,1
GB:United Kingdom,SV:El Salvador,12.25
GB:United Kingdom,SZ:Eswatini,3
TG:Togo,GB:United Kingdom,1.75
GB:United Kingdom,TH:Thailand,3085.25
GB:United Kingdom,TN:Tunisia,4.25
GB:United Kingdom,TR:Turkey,5690.75
GB:United Kingdom,TT:Trinidad and Tobago,0.25
GB:United Kingdom,TW:Chinese Taipei,9064
GB:United Kingdom,TZ:Tanzania,29.25
GB:United Kingdom,UG:Uganda,35.75
GB:United Kingdom,US:United States,55840
GB:United Kingdom,UY:Uruguay,60.5
UZ:Uzbekistan,GB:United Kingdom,3
GB:United Kingdom,VA:Vatican City State,4.5
GB:United Kingdom,VE:Venezuela,28
GB:United Kingdom,VN:Vietnam,1296.75
GB:United Kingdom,ZA:South Africa,2323.75
GB:United Kingdom,ZM:Zambia,6.75
GB:United Kingdom,ZW:Zimbabwe,5.75
GR:Greece,AE:United Arab Emirates,0.25
GR:Greece,AL:Albania,2.75
GR:Greece,AT:Austria,55.25
GR:Greece,AU:Australia,27.25
GR:Greece,BE:Belgium,211.5
GR:Greece,BG:Bulgaria,38.75
GR:Greece,BY:Belarus,1
GR:Greece,CA:Canada,19
GR:Greece,CH:Switzerland,181.5
GR:Greece,CY:Cyprus,161
GR:Greece,DE:Germany,3752
GR:Greece,DK:Denmark,46
GR:Greece,EE:Estonia,2
GR:Greece,EG:Egypt,30.75
GR:Greece,ES:Spain,290.5
GR:Greece,FI:Finland,6
GR:Greece,FR:France,1443.75
GR:Greece,GB:United Kingdom,2912
GR:Greece,GE:Georgia,5
GR:Greece,GG:Guernsey,2
GR:Greece,HK:Hong Kong SAR,4.75
GR:Greece,HR:Croatia,0.75
GR:Greece,HU:Hungary,0.25
GR:Greece,IE:Ireland,315.25
GR:Greece,IL:Israel,0.75
GR:Greece,IT:Italy,461.25
GR:Greece,JO:Jordan,1.5
GR:Greece,JP:Japan,15
GR:Greece,LU:Luxembourg,515.5
GR:Greece,MK:North Macedonia,2
GR:Greece,MT:Malta,5.75
GR:Greece,NL:Netherlands,193
GR:Greece,NO:Norway,9.5
GR:Greece,NZ:New Zealand,2.75
GR:Greece,PA:Panama,21.5
GR:Greece,PH:Philippines,1.75
GR:Greece,PL:Poland,11.75
GR:Greece,PT:Portugal,12
GR:Greece,RO:Romania,612.5
GR:Greece,RS:Serbia,25.5
GR:Greece,RU:Russia,49.75
GR:Greece,SE:Sweden,62
GR:Greece,SG:Singapore,0.75
GR:Greece,SK:Slovakia,6
GR:Greece,TR:Turkey,5.25
GR:Greece,UA:Ukraine,3.25
GR:Greece,US:United States,699
GR:Greece,ZA:South Africa,3.5
IE:Ireland,AE:United Arab Emirates,5.82775
IE:Ireland,AT:Austria,150.956
IE:Ireland,AU:Australia,609.691
IE:Ireland,BE:Belgium,332.09825
IE:Ireland,BG:Bulgaria,0.02625
IE:Ireland,BH:Bahrain,0.404
IE:Ireland,BR:Brazil,53.6405
IE:Ireland,CA:Canada,1357.76725
IE:Ireland,CH:Switzerland,219.172
IE:Ireland,CN:China,0.43825
IE:Ireland,CZ:Czech Republic,4.21875
IE:Ireland,DE:Germany,623.87
IE:Ireland,DK:Denmark,368.7405
IE:Ireland,ES:Spain,756.642
IE:Ireland,FI:Finland,317.6435
IE:Ireland,FR:France,3931.5925
IE:Ireland,GB:United Kingdom,3990.5905
IE:Ireland,GR:Greece,0.005
IE:Ireland,HK:Hong Kong SAR,0.712
IE:Ireland,HR:Croatia,1.7725
IE:Ireland,HU:Hungary,0.5635
IE:Ireland,ID:Indonesia,0.087
IE:Ireland,IL:Israel,0.45325
IE:Ireland,IM:Isle of Man,6.47675
IE:Ireland,IN:India,0.276
IR:Iran,IE:Ireland,0.00025
IE:Ireland,IS:Iceland,0.338
IE:Ireland,IT:Italy,106.56525
IE:Ireland,JP:Japan,58.96775
IE:Ireland,KR:Korea,19.45875
IE:Ireland,KW:Kuwait,0.249
IE:Ireland,LT:Lithuania,0.3665
IE:Ireland,LU:Luxembourg,0.00275
IE:Ireland,MA:Morocco,0.0415
IE:Ireland,MT:Malta,0.00125
IE:Ireland,MU:Mauritius,0.0295
IE:Ireland,MX:Mexico,0.81325
IE:Ireland,MY:Malaysia,0.03925
IE:Ireland,NA:Namibia,0.001
IE:Ireland,NL:Netherlands,875.0655
IE:Ireland,NO:Norway,1062.8185
IE:Ireland,NZ:New Zealand,126.223
IE:Ireland,OM:Oman,0.12725
IE:Ireland,PH:Philippines,0.21675
IE:Ireland,PL:Poland,32.0965
IE:Ireland,PT:Portugal,3.03225
IE:Ireland,QA:Qatar,1.0615
IE:Ireland,RO:Romania,0.01925
IE:Ireland,RU:Russia,1.0215
IE:Ireland,SA:Saudi Arabia,0.2125
IE:Ireland,SE:Sweden,680.432
IE:Ireland,SG:Singapore,264.3685
IE:Ireland,TH:Thailand,1.372
IE:Ireland,TN:Tunisia,0.04525
IE:Ireland,TR:Turkey,9.25125
IE:Ireland,US:United States,655.48425
IE:Ireland,ZA:South Africa,2.13425
IN:India,AE:United Arab Emirates,1773.12575
IN:India,AU:Australia,515.29825
IN:India,BD:Bangladesh,284.836
IN:India,BE:Belgium,294.75275
IN:India,BH:Bahrain,212.84675
IN:India,BR:Brazil,1.20975
IN:India,CA:Canada,913.43375
IN:India,CH:Switzerland,48.90175
IN:India,CN:China,1635.582
IN:India,DE:Germany,730.0885
IN:India,EG:Egypt,23.32475
IN:India,ES:Spain,15.83625
IN:India,FR:France,172.43175
IN:India,GB:United Kingdom,1419.7845
IN:India,HK:Hong Kong SAR,772.2885
IN:India,ID:Indonesia,2.20625
IN:India,IL:Israel,8.267
IN:India,IT:Italy,70.405
IN:India,JP:Japan,772.18675
IN:India,KE:Kenya,0.962
IN:India,KR:Korea,110.18375
IN:India,KW:Kuwait,450.02
IN:India,LK:Sri Lanka,213.89575
IN:India,LU:Luxembourg,0.17225
IN:India,MU:Mauritius,1.527
IN:India,MY:Malaysia,6.7255
IN:India,NL:Netherlands,12.105
IN:India,NP:Nepal,1.54725
IN:India,OM:Oman,25.647
IN:India,QA:Qatar,1100.94775
IN:India,RU:Russia,11.5895
IN:India,SA:Saudi Arabia,234.49425
IN:India,SE:Sweden,6.204
IN:India,SG:Singapore,1844.335
IN:India,TR:Turkey,0.5755
IN:India,US:United States,13160.45625
IN:India,ZA:South Africa,336.61975
IT:Italy,AE:United Arab Emirates,819.5315
IT:Italy,AL:Albania,71.78125
IT:Italy,AM:Armenia,1.7645
IT:Italy,AR:Argentina,0.4215
IT:Italy,AT:Austria,4589.959
IT:Italy,AU:Australia,582.345
IT:Italy,BA:Bosnia and Herzegovina,1.282
IT:Italy,BD:Bangladesh,45.94325
IT:Italy,BE:Belgium,1026.7195
IT:Italy,BG:Bulgaria,50.162
IT:Italy,BH:Bahrain,2.50375
IT:Italy,BR:Brazil,3000.1585
IT:Italy,BY:Belarus,34.59675
IT:Italy,CA:Canada,980.23975
IT:Italy,CG:Congo,0.0005
IT:Italy,CH:Switzerland,4848.91925
IT:Italy,CL:Chile,6.25475
IT:Italy,CN:China,2869.59025
IT:Italy,CO:Colombia,3.36125
IT:Italy,CR:Costa Rica,2.167
IT:Italy,CU:Cuba,128.508
IT:Italy,CY:Cyprus,0.1925
IT:Italy,CZ:Czech Republic,1321.27425
IT:Italy,DE:Germany,28563.5735
IT:Italy,DK:Denmark,658.20225
IT:Italy,DZ:Algeria,7.143
IT:Italy,EE:Estonia,33.96825
IT:Italy,EG:Egypt,290.47375
IT:Italy,ES:Spain,9352.624
IT:Italy,FI:Finland,793.8095
IT:Italy,FR:France,26358.58675
IT:Italy,GB:United Kingdom,9794.611
IT:Italy,GE:Georgia,6.2925
IT:Italy,GR:Greece,194.54775
IT:Italy,GT:Guatemala,0.41575
IT:Italy,HK:Hong Kong SAR,109.11975
IT:Italy,HR:Croatia,99.75475
IT:Italy,HU:Hungary,1308.446
IT:Italy,ID:Indonesia,15.28375
IT:Italy,IE:Ireland,1623.74625
IT:Italy,IL:Israel,20.48175
IT:Italy,IN:India,199.3005
IT:Italy,JO:Jordan,14.0505
IT:Italy,JP:Japan,541.212
IT:Italy,KE:Kenya,0.3465
IT:Italy,KR:Korea,2306.7095
IT:Italy,KW:Kuwait,236.89
IT:Italy,KY:Cayman Islands,2.687
IT:Italy,KZ:Kazakhstan,1.99825
IT:Italy,LI:Liechtenstein,0.437
IT:Italy,LT:Lithuania,0.06
IT:Italy,LU:Luxembourg,1832.1155
IT:Italy,LV:Latvia,0.0465
IT:Italy,MA:Morocco,17.876
IT:Italy,MD:Moldova,40.7275
IT:Italy,ME:Montenegro,0.0125
IT:Italy,MK:North Macedonia,0.11125
IT:Italy,MO:Macao SAR,2.932
IT:Italy,MT:Malta,27.415
IT:Italy,MU:Mauritius,18.58425
IT:Italy,MX:Mexico,17.128
IT:Italy,MY:Malaysia,4.24025
IT:Italy,NC:New Caledonia,0.12175
IT:Italy,NL:Netherlands,3114.01225
IT:Italy,NO:Norway,924.37
IT:Italy,NZ:New Zealand,27.935
IT:Italy,OM:Oman,31.157
IT:Italy,PE:Peru,1.44925
IT:Italy,PK:Pakistan,0.32225
IT:Italy,PL:Poland,342.96725
IT:Italy,PT:Portugal,183.06125
IT:Italy,PY:Paraguay,0.6765
IT:Italy,QA:Qatar,1285.733
IT:Italy,RO:Romania,388.31125
IT:Italy,RU:Russia,2531.6825
IT:Italy,RW:Rwanda,4.566
IT:Italy,SA:Saudi Arabia,118.7595
IT:Italy,SE:Sweden,1162.5
IT:Italy,SG:Singapore,144.91975
IT:Italy,SI:Slovenia,35.726
IT:Italy,SK:Slovakia,293.09775
IT:Italy,SM:San Marino,31.5955
IT:Italy,SN:Senegal,0.16175
IT:Italy,TH:Thailand,10.13775
IT:Italy,TN:Tunisia,62.0765
IT:Italy,TR:Turkey,3431.6865
IT:Italy,TW:Chinese Taipei,10.39125
IT:Italy,TZ:Tanzania,1.3185
IT:Italy,US:United States,4714.692
IT:Italy,UY:Uruguay,0.72225
IT:Italy,UZ:Uzbekistan,26.997
IT:Italy,VN:Vietnam,67.04175
IT:Italy,ZA:South Africa,78.1875
JP:Japan,AE:United Arab Emirates,2732.875
JP:Japan,AM:Armenia,0.3
JP:Japan,AR:Argentina,0.325
JP:Japan,AT:Austria,831.5
JP:Japan,AU:Australia,19513.525
JP:Japan,AZ:Azerbaijan,1.475
JP:Japan,BE:Belgium,838.85
JP:Japan,BH:Bahrain,82.65
JP:Japan,BM:Bermuda,217.825
JP:Japan,BR:Brazil,6178.875
JP:Japan,CA:Canada,21160.425
JP:Japan,CH:Switzerland,5755.05
JP:Japan,CI:Cote d'Ivoire,1.5
JP:Japan,CL:Chile,2070.55
JP:Japan,CN:China,28339.6
JP:Japan,CO:Colombia,215.75
JP:Japan,CR:Costa Rica,0.2
JP:Japan,CZ:Czech Republic,80.075
JP:Japan,DE:Germany,10256.95
JP:Japan,DK:Denmark,15541.55
JP:Japan,EE:Estonia,0.15
JP:Japan,EG:Egypt,212.9
JP:Japan,ES:Spain,4040.75
JP:Japan,FI:Finland,2081.225
JP:Japan,FR:France,30148.925
JP:Japan,GB:United Kingdom,35967.55
JP:Japan,GE:Georgia,10.675
JP:Japan,GG:Guernsey,20.225
JP:Japan,GR:Greece,85
JP:Japan,HK:Hong Kong SAR,5803.55
JP:Japan,HR:Croatia,0.375
JP:Japan,HU:Hungary,93.75
JP:Japan,ID:Indonesia,2962.625
JP:Japan,IE:Ireland,970
JP:Japan,IL:Israel,333.6
JP:Japan,IM:Isle of Man,0.2
JP:Japan,IN:India,7872.35
JP:Japan,IS:Iceland,7.15
JP:Japan,IT:Italy,2695.3
JP:Japan,JE:Jersey,174.825
JP:Japan,JO:Jordan,24.95
JP:Japan,KE:Kenya,5.075
JP:Japan,KR:Korea,3273.4
JP:Japan,KW:Kuwait,1063.9
JP:Japan,KY:Cayman Islands,1884.55
JP:Japan,KZ:Kazakhstan,4.8
JP:Japan,LA:Laos,3.275
JP:Japan,LK:Sri Lanka,0.925
JP:Japan,LU:Luxembourg,7849.375
JP:Japan,LV:Latvia,0.4
JP:Japan,MA:Morocco,103.475
JP:Japan,MM:Myanmar,74.525
JP:Japan,MX:Mexico,415.55
JP:Japan,MY:Malaysia,3700.975
JP:Japan,NG:Nigeria,72.1
JP:Japan,NL:Netherlands,7067.525
JP:Japan,NO:Norway,1210.175
JP:Japan,NZ:New Zealand,2658.55
JP:Japan,OM:Oman,90.75
JP:Japan,PA:Panama,170.2
JP:Japan,PE:Peru,281.775
JP:Japan,PG:Papua New Guinea,0.525
JP:Japan,PH:Philippines,926.325
JP:Japan,PK:Pakistan,7.025
JP:Japan,PL:Poland,239.675
JP:Japan,PT:Portugal,49.75
JP:Japan,QA:Qatar,7613.775
JP:Japan,RO:Romania,9.05
JP:Japan,RS:Serbia,0.6
JP:Japan,RU:Russia,1242.25
JP:Japan,SA:Saudi Arabia,2438.4
JP:Japan,SE:Sweden,3726.075
JP:Japan,SG:Singapore,2519.675
JP:Japan,SI:Slovenia,0.1
JP:Japan,SK:Slovakia,1.825
JP:Japan,TH:Thailand,4779.05
JP:Japan,TR:Turkey,1951.075
JP:Japan,TW:Chinese Taipei,3554.225
JP:Japan,US:United States,90667.95
JP:Japan,UZ:Uzbekistan,0.35
JP:Japan,VE:Venezuela,12.875
JP:Japan,VN:Vietnam,3574.375
JP:Japan,ZA:South Africa,1156.2
KR:Korea,AE:United Arab Emirates,999.4795
KR:Korea,AR:Argentina,0.40475
KR:Korea,AT:Austria,232.97075
KR:Korea,AU:Australia,1182.415
KR:Korea,BE:Belgium,579.5885
KR:Korea,BG:Bulgaria,0.52425
KR:Korea,BH:Bahrain,282.8345
KR:Korea,BM:Bermuda,10.85625
KR:Korea,BR:Brazil,848.40575
KR:Korea,CA:Canada,1027.59125
KR:Korea,CH:Switzerland,992.63125
KR:Korea,CL:Chile,43.27375
KR:Korea,CN:China,9036.59925
KR:Korea,CW:Curacao,0.0185
KR:Korea,CY:Cyprus,0.62825
KR:Korea,CZ:Czech Republic,11.081
KR:Korea,DE:Germany,1877.1425
KR:Korea,DK:Denmark,19.8005
KR:Korea,EE:Estonia,0.20775
KR:Korea,ES:Spain,152.372
KR:Korea,FI:Finland,16.06475
KR:Korea,FR:France,784.286
KR:Korea,GB:United Kingdom,1831.8195
KR:Korea,GR:Greece,18.1695
KR:Korea,HK:Hong Kong SAR,4009.21225
KR:Korea,HU:Hungary,73.77825
KR:Korea,ID:Indonesia,2264.22725
KR:Korea,IE:Ireland,22.97975
KR:Korea,IL:Israel,39.69625
KR:Korea,IN:India,2711.517
KR:Korea,IT:Italy,92.22075
KR:Korea,JP:Japan,3695.89975
KR:Korea,KW:Kuwait,85.0985
KR:Korea,KY:Cayman Islands,117.35125
KR:Korea,LT:Lithuania,8.547
KR:Korea,LU:Luxembourg,92.4665
KR:Korea,LV:Latvia,0.32425
KR:Korea,MO:Macao SAR,570.86725
KR:Korea,MT:Malta,0.07225
KR:Korea,MX:Mexico,232.49525
KR:Korea,MY:Malaysia,604.24175
KR:Korea,NG:Nigeria,14.71825
KR:Korea,NL:Netherlands,99.1725
KR:Korea,NO:Norway,37.6515
KR:Korea,PA:Panama,30.11825
KR:Korea,PE:Peru,23.16575
KR:Korea,PH:Philippines,106.968
KR:Korea,PL:Poland,46.9085
KR:Korea,PT:Portugal,20.92725
KR:Korea,QA:Qatar,1715.997
KR:Korea,RO:Romania,5.0255
KR:Korea,RU:Russia,260.95925
KR:Korea,SA:Saudi Arabia,892.636
KR:Korea,SE:Sweden,40.2225
KR:Korea,SG:Singapore,2071.7285
KR:Korea,SI:Slovenia,8.739
KR:Korea,SK:Slovakia,0.619
KR:Korea,TH:Thailand,95.21525
KR:Korea,TR:Turkey,503.99225
KR:Korea,TW:Chinese Taipei,1327.26425
KR:Korea,US:United States,21612.078
KR:Korea,ZA:South Africa,27.609
PT:Portugal,AO:Angola,366.769
PT:Portugal,AT:Austria,177.5575
PT:Portugal,AU:Australia,27.50825
PT:Portugal,BE:Belgium,135.8595
PT:Portugal,CA:Canada,52.87825
PT:Portugal,CH:Switzerland,571.962
PT:Portugal,DE:Germany,1213.9175
PT:Portugal,DK:Denmark,206.94525
PT:Portugal,ES:Spain,1062.53175
PT:Portugal,FR:France,1041.13825
PT:Portugal,GB:United Kingdom,752.70275
PT:Portugal,GR:Greece,0.058
PT:Portugal,IE:Ireland,35.633
PT:Portugal,IS:Iceland,0.87525
PT:Portugal,IT:Italy,251.22325
PT:Portugal,JP:Japan,111.078
PT:Portugal,LU:Luxembourg,309.34775
PT:Portugal,MT:Malta,0.212
PT:Portugal,NL:Netherlands,80.89575
PT:Portugal,NO:Norway,46.48425
PT:Portugal,NZ:New Zealand,0.644
PT:Portugal,SE:Sweden,90.851
PT:Portugal,US:United States,978.3875
SE:Sweden,AE:United Arab Emirates,187.0085
SE:Sweden,AO:Angola,0.5315
SE:Sweden,AR:Argentina,0.001
SE:Sweden,AT:Austria,95.23425
SE:Sweden,AU:Australia,232.46825
SE:Sweden,BA:Bosnia and Herzegovina,0.00075
SE:Sweden,BD:Bangladesh,56.29975
SE:Sweden,BE:Belgium,179.895
SE:Sweden,BG:Bulgaria,1.34525
SE:Sweden,BH:Bahrain,3.84075
SE:Sweden,BJ:Benin,3.8965
SE:Sweden,BR:Brazil,15.27175
SE:Sweden,BW:Botswana,0.47425
SE:Sweden,BY:Belarus,0.1055
SE:Sweden,CA:Canada,529.26175
SE:Sweden,CH:Switzerland,501.4515
SE:Sweden,CI:Cote d'Ivoire,111.33575
SE:Sweden,CL:Chile,0.193
SE:Sweden,CM:Cameroon,4.5815
SE:Sweden,CN:China,989.0635
SE:Sweden,CU:Cuba,0.862
SE:Sweden,CY:Cyprus,0.00025
SE:Sweden,CZ:Czech Republic,10.39775
SE:Sweden,DE:Germany,2410.84475
SE:Sweden,DK:Denmark,5487.381
SE:Sweden,DZ:Algeria,0.192
SE:Sweden,EE:Estonia,38.53825
SE:Sweden,EG:Egypt,22.90675
SE:Sweden,ES:Spain,246.86425
SE:Sweden,ET:Ethiopia,0.00075
SE:Sweden,FI:Finland,2524.9385
SE:Sweden,FR:France,2113.60975
SE:Sweden,GB:United Kingdom,3089.8425
SE:Sweden,GE:Georgia,3.1685
SE:Sweden,GG:Guernsey,0.001
SE:Sweden,GH:Ghana,1.919
SE:Sweden,HK:Hong Kong SAR,181.76675
SE:Sweden,HR:Croatia,0.686
SE:Sweden,HU:Hungary,1.175
SE:Sweden,ID:Indonesia,23.13925
SE:Sweden,IE:Ireland,1083.4535
SE:Sweden,IR:Iran,0.00175
SE:Sweden,IS:Iceland,30.69175
SE:Sweden,IT:Italy,3.0825
SE:Sweden,JO:Jordan,11.689
SE:Sweden,JP:Japan,124.35125
SE:Sweden,KE:Kenya,8.9975
SE:Sweden,KR:Korea,113.1105
SE:Sweden,KW:Kuwait,19.6565
SE:Sweden,KY:Cayman Islands,92.586
SE:Sweden,KZ:Kazakhstan,0.06475
SE:Sweden,LB:Lebanon,0.001
SE:Sweden,LI:Liechtenstein,0.92675
SE:Sweden,LK:Sri Lanka,7.02
SE:Sweden,LS:Lesotho,0.00025
SE:Sweden,LT:Lithuania,153.82675
SE:Sweden,LU:Luxembourg,711.64675
SE:Sweden,LV:Latvia,22.86625
SE:Sweden,MA:Morocco,5.7235
SE:Sweden,MK:North Macedonia,0.001
SE:Sweden,MT:Malta,0.016
SE:Sweden,MU:Mauritius,2.53275
SE:Sweden,MW:Malawi,0.00075
SE:Sweden,MX:Mexico,1.20125
SE:Sweden,NG:Nigeria,0.388
SE:Sweden,NL:Netherlands,514.98075
SE:Sweden,NO:Norway,3690.586
SE:Sweden,NZ:New Zealand,4.892
SE:Sweden,OM:Oman,0.90175
SE:Sweden,PE:Peru,0.2965
SE:Sweden,PL:Poland,24.06525
SE:Sweden,PT:Portugal,0.65175
SE:Sweden,QA:Qatar,39.85075
SE:Sweden,RO:Romania,3.7705
SE:Sweden,RS:Serbia,0.0995
SE:Sweden,SA:Saudi Arabia,16.3615
SE:Sweden,SD:Sudan,0.07175
SE:Sweden,SG:Singapore,63.394
SE:Sweden,SI:Slovenia,0.0645
SE:Sweden,SK:Slovakia,0.0005
SE:Sweden,SZ:Eswatini,0.076
SE:Sweden,TH:Thailand,34.29775
SE:Sweden,TN:Tunisia,7.49275
SE:Sweden,TR:Turkey,21.69475
SE:Sweden,TW:Chinese Taipei,7.56325
SE:Sweden,TZ:Tanzania,0.05625
SE:Sweden,UA:Ukraine,18.96825
SE:Sweden,US:United States,2095.39175
SE:Sweden,VN:Vietnam,29.84875
SE:Sweden,ZA:South Africa,16.24375
SE:Sweden,ZM:Zambia,0.01325
TW:Chinese Taipei,AE:United Arab Emirates,4548.75
TW:Chinese Taipei,AR:Argentina,0.5
TW:Chinese Taipei,AT:Austria,492.5
TW:Chinese Taipei,AU:Australia,8138.25
TW:Chinese Taipei,BD:Bangladesh,16
TW:Chinese Taipei,BE:Belgium,83.5
TW:Chinese Taipei,BH:Bahrain,33.75
TW:Chinese Taipei,BI:Burundi,1.25
TW:Chinese Taipei,BM:Bermuda,24.25
TW:Chinese Taipei,BR:Brazil,71.5
TW:Chinese Taipei,CA:Canada,3120
TW:Chinese Taipei,CH:Switzerland,2001.5
TW:Chinese Taipei,CL:Chile,712.25
TW:Chinese Taipei,CN:China,31630.25
TW:Chinese Taipei,CO:Colombia,0.5
TW:Chinese Taipei,CR:Costa Rica,1
TW:Chinese Taipei,CZ:Czech Republic,1
TW:Chinese Taipei,DE:Germany,2497
TW:Chinese Taipei,DK:Denmark,58.75
TW:Chinese Taipei,EC:Ecuador,0.75
TW:Chinese Taipei,EG:Egypt,12.25
TW:Chinese Taipei,ES:Spain,560.75
TW:Chinese Taipei,ET:Ethiopia,0.25
TW:Chinese Taipei,FI:Finland,13.25
TW:Chinese Taipei,FR:France,9275.75
TW:Chinese Taipei,GB:United Kingdom,4837
TW:Chinese Taipei,GR:Greece,0.75
TW:Chinese Taipei,HK:Hong Kong SAR,3837
TW:Chinese Taipei,HN:Honduras,0.75
TW:Chinese Taipei,HU:Hungary,1.25
TW:Chinese Taipei,ID:Indonesia,1654
TW:Chinese Taipei,IE:Ireland,31.75
TW:Chinese Taipei,IL:Israel,8.25
TW:Chinese Taipei,IN:India,1660.25
TW:Chinese Taipei,IR:Iran,2
TW:Chinese Taipei,IT:Italy,133.75
TW:Chinese Taipei,JP:Japan,10475.5
TW:Chinese Taipei,KH:Cambodia,537.25
TW:Chinese Taipei,KR:Korea,11052.5
TW:Chinese Taipei,KW:Kuwait,75.75
TW:Chinese Taipei,KY:Cayman Islands,39
TW:Chinese Taipei,LA:Laos,144
TW:Chinese Taipei,LI:Liechtenstein,3
TW:Chinese Taipei,LK:Sri Lanka,12.5
TW:Chinese Taipei,LU:Luxembourg,232.75
TW:Chinese Taipei,MA:Morocco,0.5
TW:Chinese Taipei,MM:Myanmar,15.5
TW:Chinese Taipei,MO:Macao SAR,15
TW:Chinese Taipei,MX:Mexico,62.5
TW:Chinese Taipei,MY:Malaysia,5732.75
TW:Chinese Taipei,NG:Nigeria,5.25
TW:Chinese Taipei,NL:Netherlands,1804.5
TW:Chinese Taipei,NO:Norway,137.75
TW:Chinese Taipei,NP:Nepal,3.25
TW:Chinese Taipei,NZ:New Zealand,653.75
TW:Chinese Taipei,OM:Oman,2.75
TW:Chinese Taipei,PA:Panama,130.75
TW:Chinese Taipei,PE:Peru,91.5
TW:Chinese Taipei,PH:Philippines,599.5
TW:Chinese Taipei,PK:Pakistan,4
TW:Chinese Taipei,PL:Poland,16
TW:Chinese Taipei,PT:Portugal,5
TW:Chinese Taipei,QA:Qatar,2778.5
TW:Chinese Taipei,RU:Russia,120.25
TW:Chinese Taipei,SA:Saudi Arabia,52.75
TW:Chinese Taipei,SE:Sweden,490
TW:Chinese Taipei,SG:Singapore,2436
TW:Chinese Taipei,TH:Thailand,2100.75
TW:Chinese Taipei,TN:Tunisia,0.25
TW:Chinese Taipei,TR:Turkey,155.25
TW:Chinese Taipei,US:United States,11880
TW:Chinese Taipei,UZ:Uzbekistan,2.25
TW:Chinese Taipei,VN:Vietnam,1760
TW:Chinese Taipei,WS:Samoa,0.25
TW:Chinese Taipei,ZA:South Africa,130.75
US:United States,AE:United Arab Emirates,7512.5
US:United States,AR:Argentina,618.5
US:United States,AT:Austria,1548
US:United States,AU:Australia,20506
US:United States,BE:Belgium,6862.25
US:United States,BH:Bahrain,779.5
US:United States,BM:Bermuda,104
US:United States,BR:Brazil,16832.25
US:United States,BS:Bahamas,513.5
US:United States,CA:Canada,44132
US:United States,CH:Switzerland,6656.5
US:United States,CL:Chile,3386.25
US:United States,CN:China,30226.25
US:United States,CY:Cyprus,37
US:United States,CZ:Czech Republic,2575.25
US:United States,DE:Germany,23233.75
US:United States,DK:Denmark,3702.25
US:United States,ES:Spain,4024.25
US:United States,FI:Finland,3350.75
US:United States,FR:France,27566.25
US:United States,GB:United Kingdom,37038.25
US:United States,GR:Greece,1267.75
US:United States,HK:Hong Kong SAR,9387.5
US:United States,HU:Hungary,299.75
US:United States,ID:Indonesia,2295.75
US:United States,IE:Ireland,2531.75
US:United States,IL:Israel,1143
US:United States,IN:India,9012.5
US:United States,IT:Italy,10607.5
US:United States,JP:Japan,98375.5
US:United States,KR:Korea,14303
US:United States,KW:Kuwait,1036.5
US:United States,KY:Cayman Islands,530.5
US:United States,LU:Luxembourg,1632.5
US:United States,MX:Mexico,7435.75
US:United States,MY:Malaysia,4716
US:United States,NG:Nigeria,860.75
US:United States,NL:Netherlands,8562
US:United States,NO:Norway,2768.5
US:United States,PA:Panama,354.25
US:United States,PE:Peru,1230
US:United States,PH:Philippines,2252
US:United States,PL:Poland,1627.25
US:United States,PT:Portugal,794.5
US:United States,QA:Qatar,5492.75
US:United States,RO:Romania,55.5
US:United States,RU:Russia,2051.25
US:United States,SA:Saudi Arabia,4506.5
US:United States,SE:Sweden,8803
US:United States,SG:Singapore,9008.75
US:United States,TH:Thailand,2935.5
US:United States,TR:Turkey,5195
US:United States,TW:Chinese Taipei,5409.25
US:United States,ZA:South Africa,1969.5
